{"cameraMode":{"drawMode":0,"name":"Shaded","section":"Shading Mode"},"sceneLighting":false,"audioPlay":false,"sceneViewState":{"showFog":true,"showMaterialUpdate":true,"showSkybox":false,"showFlares":true,"showImageEffects":true,"showParticleSystems":true},"in2DMode":false,"pivot":{"x":-9.757415771484375,"y":2.1285839080810549,"z":2.389805316925049},"rotation":{"x":0.32804834842681887,"y":0.2935009002685547,"z":-0.10768479108810425,"w":0.8915151953697205},"size":7.797514915466309,"orthographic":false}