{"cameraMode":{"drawMode":0,"name":"Shaded","section":"Shading Mode"},"sceneLighting":true,"audioPlay":false,"sceneViewState":{"showFog":true,"showMaterialUpdate":true,"showSkybox":true,"showFlares":true,"showImageEffects":true,"showParticleSystems":true},"in2DMode":false,"pivot":{"x":-4.179317951202393,"y":-1.3931231498718262,"z":29.799962997436525},"rotation":{"x":0.13845673203468324,"y":-0.09061196446418762,"z":0.012939940206706524,"w":0.9862301349639893},"size":137.4828338623047,"orthographic":false}