{"cameraMode":{"drawMode":0,"name":"Shaded","section":"Shading Mode"},"sceneLighting":false,"audioPlay":false,"sceneViewState":{"showFog":true,"showMaterialUpdate":true,"showSkybox":false,"showFlares":true,"showImageEffects":true,"showParticleSystems":true},"in2DMode":false,"pivot":{"x":3.9387359619140627,"y":68.17664337158203,"z":-87.2952880859375},"rotation":{"x":-0.19061343371868134,"y":0.5670425295829773,"z":-0.13710778951644898,"w":-0.7896004915237427},"size":841.004638671875,"orthographic":false}