{"cameraMode":{"drawMode":0,"name":"Shaded","section":"Shading Mode"},"sceneLighting":true,"audioPlay":false,"sceneViewState":{"showFog":true,"showMaterialUpdate":true,"showSkybox":true,"showFlares":true,"showImageEffects":true,"showParticleSystems":true},"in2DMode":false,"pivot":{"x":151.64381408691407,"y":-312.93115234375,"z":710.7281494140625},"rotation":{"x":0.23623095452785493,"y":0.01851150020956993,"z":-0.004402359016239643,"w":0.9716339111328125},"size":1072.3544921875,"orthographic":false}